movieRow,movieId,title
0,1,蒸汽下的神秘世界
1,2,翻天鉴
2,3,我的镀金时代
3,4,乱世之召唤猛将
4,5,妙手天师在都市
5,6,大自在天尊
6,7,欢迎来到BOSS队
7,8,星空第一宗主
8,9,无限十万年
9,10,征战诸天世界
10,11,天地惊
11,12,无疆之主
12,13,末世基因猎场
13,14,阴仙儿
14,15,全能照妖镜
15,16,绝世武侠系统
16,17,我是如来
17,18,我从主神空间归来
18,19,无悔九二
19,20,末世道具师
20,21,谪仙庄园
21,22,文坛救世主
22,23,就问你气不气
23,24,活在诸天
24,25,灵兽供应商
25,26,武林大主宰
26,27,女校养成日记
27,28,耐瑟瑞尔的辉煌
28,29,巫女桔梗酱的现代除魔生活
29,30,不爽剧情毁灭者
30,31,荒野幸运神
31,32,崛起一万年
32,33,乱世王者
33,34,浪迹在诸天
34,35,我不是大备胎
35,36,超级搜灵
36,37,我在异界开公司
37,38,无良科学家
38,39,制霸非洲大草原
39,40,通灵美食家
40,41,极限大逃杀
41,42,超神特权
42,43,来自异世界的入侵者
43,44,超强兵王在都市
44,45,我的异界果园
45,46,小霸王游戏穿梭机
46,47,道门天帝
47,48,梦幻西游大主播
48,49,俗世地仙
49,50,综合格斗之王
50,51,我当玉帝的那些年
51,52,王者荣耀直播穿越系统
52,53,末日大佬速成指南
53,54,重生之旅游大师
54,55,万界武道馆
55,56,最强史莱姆培养系统
56,57,长城归来
57,58,北宋大表哥
58,59,二次元之真理之门
59,60,我，主神候选
60,61,三国小霸王（策行三国）
61,62,无禁神话（诸天神话公寓）
62,63,三国之熙皇
63,64,虚拟摄取
64,65,无限穿梭机
65,66,灵魂导游
66,67,独霸天道
67,68,虚拟囚笼
68,69,我家房东你惹不起
69,70,他的身上有朵花
70,71,荣耀魔武
71,72,重生军工子弟
72,73,史上最牛校长
73,74,轮回千百转之佛渡
74,75,重生时光正好
75,76,都市后勤系统
76,77,次元大逃杀
77,78,无限虐杀进化
78,79,女装文艺人生
79,80,植掌大唐
80,81,神奇宠物店
81,82,超级预言大师
82,83,醒后我成了女同桌爸爸
83,84,大宋天子门生
84,85,一世圣皇
85,86,烽火博物馆
86,87,暗战
87,88,我的野蛮老祖
88,89,源能天帝
89,90,都市之唯我魔尊
90,91,荒岛病毒
91,92,历史求生之路
92,93,史上第一嚣张
93,94,世界最强输出
94,95,穿越大反派
95,96,恐怖神话
96,97,反叛的大魔王
97,98,我的房客是妖精
98,99,游戏降临异世界
99,100,魔神武道
100,101,明星爸爸宝贝妞
101,102,小妖不上天
102,103,疯狂女儿国
103,104,圣古天尊
104,105,重生之最强鬼修
105,106,下茅山
106,107,散打高手
107,108,都市酒仙系统
108,109,全能游戏设计师
109,110,无限之量子永生
110,111,13级海啸之后
111,112,美漫最强战力
112,113,巨星来了
113,114,白蛇证道行
114,115,诸天万界反派聊天群
115,116,火影之无敌佐助
116,117,海贼之最强海王类
117,118,修罗的旅程
118,119,修真重生美利坚
119,120,狼牙兵王
120,121,花都最强主宰
121,122,绝美仙女老婆
122,123,微信快递员
123,124,毒妻难逃：仙尊，太强势！
124,125,重回17岁：绯闻男神，缠上身！
125,126,狂傲法医：邪魅boss撩上瘾
126,127,闪婚有毒：顾少撩妻无度
127,128,火影之攻略人物
128,129,权倾南北
129,130,魔鬼证道诸天
130,131,高校死亡竞技
131,132,最强天道混沌系统
132,133,天体相师
133,134,妖怪学院灵异系
134,135,末世剑侠
135,136,进化之路
136,137,女装修仙
137,138,二次元之幻想系统
